INSERT INTO customer VALUES (1, 'John Smith', 'johnsmith@mail', '1234567890', '123 Main St');
INSERT INTO customer VALUES (2, 'Alice Johnson', 'alicejohnson@mail', '9876543210', '456 Elm St');
INSERT INTO customer VALUES (3, 'Michael Brown', 'michaelbrown@mail', '5551234567', '789 Oak Ave');
INSERT INTO customer VALUES (4, 'Emily Davis', 'emilydavis@mail', '3219876543', '987 Maple Rd');
INSERT INTO customer VALUES (5, 'Daniel Wilson', 'danielwilson@mail', '8885551234', '654 Pine Ln');
INSERT INTO customer VALUES (6, 'Sophia Martinez', 'sophiamartinez@mail', '2468135790', '369 Cedar Dr');
INSERT INTO customer VALUES (7, 'Liam Anderson', 'liamanderson@mail', '7779998888', '852 Birch Rd');
INSERT INTO customer VALUES (8, 'Olivia Taylor', 'oliviataylor@mail', '1112223333', '741 Willow Ave');
INSERT INTO customer VALUES (9, 'James Thomas', 'jamesthomas@mail', '4447771111', '963 Spruce St');
INSERT INTO customer VALUES (10, 'Isabella Clark', 'isabellaclark@mail', '9998887777', '258 Oakwood Dr');

INSERT INTO orders VALUES (1, '2023-05-01');
INSERT INTO orders VALUES (2, '2023-05-02');
INSERT INTO orders VALUES (3, '2023-05-03');
INSERT INTO orders VALUES (4, '2023-05-04');
INSERT INTO orders VALUES (5, '2023-05-05');
INSERT INTO orders VALUES (6, '2023-05-06');
INSERT INTO orders VALUES (7, '2023-05-07');
INSERT INTO orders VALUES (8, '2023-05-08');
INSERT INTO orders VALUES (9, '2023-05-09');
INSERT INTO orders VALUES (10, '2023-05-10');

INSERT INTO places VALUES (1, 5);
INSERT INTO places VALUES (2, 3);
INSERT INTO places VALUES (3, 4);
INSERT INTO places VALUES (4, 3);
INSERT INTO places VALUES (5, 9);

INSERT INTO sale VALUES (1);
INSERT INTO sale VALUES (2);
INSERT INTO sale VALUES (3);
INSERT INTO sale VALUES (4);
INSERT INTO sale VALUES (5);

INSERT INTO pay VALUES (1, 4);
INSERT INTO pay VALUES (2, 1);
INSERT INTO pay VALUES (3, 7);
INSERT INTO pay VALUES (4, 2);
INSERT INTO pay VALUES (5, 3);

INSERT INTO employee VALUES (1, 1111111, '1990-01-01', 'John Snow');
INSERT INTO employee VALUES (2, 2222222, '1993-04-22', 'Alice White');
INSERT INTO employee VALUES (3, 3333333, '1990-07-03', 'Michael Black');
INSERT INTO employee VALUES (4, 4444444, '1994-10-14', 'Emily Green');
INSERT INTO employee VALUES (5, 5555555, '1991-01-25', 'Daniel Brown');
INSERT INTO employee VALUES (6, 6666666, '1992-04-06', 'Sophia Gray');
INSERT INTO employee VALUES (7, 7777777, '1995-07-17', 'Liam Taylor');
INSERT INTO employee VALUES (8, 8888888, '1993-10-28', 'Olivia Anderson');
INSERT INTO employee VALUES (9, 9999999, '1996-01-08', 'James Martinez');
INSERT INTO employee VALUES (10, 1010101, '1994-04-19', 'Isabella Clark');

INSERT INTO process VALUES (1, 1);
INSERT INTO process VALUES (2, 2);
INSERT INTO process VALUES (3, 3);
INSERT INTO process VALUES (4, 4);
INSERT INTO process VALUES (5, 5);

INSERT INTO department VALUES ('Sales');
INSERT INTO department VALUES ('Marketing');
INSERT INTO department VALUES ('Human Resources');
INSERT INTO department VALUES ('Research and Development');
INSERT INTO department VALUES ('Accounting');

INSERT INTO workplace VALUES (1, '676 Elm St');
INSERT INTO workplace VALUES (2, '144 Main St');
INSERT INTO workplace VALUES (3, '123 Oak Ave');
INSERT INTO workplace VALUES (4, '987 Maple Rd');
INSERT INTO workplace VALUES (5, '6 Pine Ln');

INSERT INTO works VALUES (1, 'Human Resources', '144 Main St');
INSERT INTO works VALUES (2, 'Sales', '676 Elm St');
INSERT INTO works VALUES (3, 'Sales', '123 Oak Ave');
INSERT INTO works VALUES (4, 'Marketing', '987 Maple Rd');
INSERT INTO works VALUES (5, 'Research and Development', '987 Oak Ave');
INSERT INTO works VALUES (6, 'Accounting', '6 Pine Ln');

INSERT INTO office VALUES ('144 Main St');
INSERT INTO office VALUES ('676 Elm St');
INSERT INTO office VALUES ('123 Oak Ave');
INSERT INTO office VALUES ('987 Maple Rd');
INSERT INTO office VALUES ('6 Pine Ln');

INSERT INTO warehouse VALUES ('123 Oak Ave');
INSERT INTO warehouse VALUES ('987 Maple Rd');
INSERT INTO warehouse VALUES ('6 Pine Ln');

INSERT INTO product VALUES (1, 'Water Gun', 'gun that shoots out water', 5.99);
INSERT INTO product VALUES (2, 'Water Balloon', 'balloon that holds water - 50 pack', 3.99);
INSERT INTO product VALUES (3, 'Paper Plates (pink)', 'Pink paper plates - 50 pack', 4.99);
INSERT INTO product VALUES (4, 'Paper Plates (blue)', 'Blue paper plates - 50 pack', 4.99);
INSERT INTO product VALUES (5, 'Paper Plates (white)', 'White paper plates - 50 pack', 4.99);
INSERT INTO product VALUES (6, 'Paper Plates (rainbow polka)', 'Rainbow Polka paper plates - 50 pack', 5.49);
INSERT INTO product VALUES (7, 'Paper Plates (American Flag)', 'American Flag paper plates - 50 pack', 5.49);
INSERT INTO product VALUES (8, 'Paper Cups (pink)', 'Pink paper cups - 50 pack', 3.49);
INSERT INTO product VALUES (9, 'Paper Cups (blue)', 'Blue paper cups - 50 pack', 3.49);
INSERT INTO product VALUES (10, 'Paper Cups (white)', 'White paper cups - 50 pack', 3.49);
INSERT INTO product VALUES (11, 'Paper Cups (rainbow polka)', 'Rainbow Polka paper cups - 50 pack', 3.99);
INSERT INTO product VALUES (12, 'Paper Cups (American Flag)', 'American Flag paper cups - 50 pack', 3.99);
INSERT INTO product VALUES (13, 'Napkins (pink)', 'Pink napkins - 50 pack', 4.49);
INSERT INTO product VALUES (14, 'Napkins (blue)', 'Blue napkins - 50 pack', 4.49);
INSERT INTO product VALUES (15, 'Napkins (white)', 'White napkins - 50 pack', 4.49);
INSERT INTO product VALUES (16, 'Napkins (rainbow polka)', 'Rainbow Polka napkins - 50 pack', 4.99);
INSERT INTO product VALUES (17, 'Napkins (American Flag)', 'American Flag napkins - 50 pack', 4.99);
INSERT INTO product VALUES (18, 'Plastic Forks', 'Plastic forks - 50 pack', 2.99);
INSERT INTO product VALUES (19, 'Plastic Spoons', 'Plastic spoons - 50 pack', 2.99);
INSERT INTO product VALUES (20, 'Plastic Knives', 'Plastic knives - 50 pack', 2.99);
INSERT INTO product VALUES (21, 'Beer Pong cups - Classic', 'Classic red and blue plastic Beer Pong cups - 1 set', 5.00);
INSERT INTO product VALUES (22, 'Beer Pong cups - American', 'American flag plastic Beer Pong cups - 1 set', 6.00);
INSERT INTO product VALUES (23, 'Beer Pong cups - Rainbow', 'Rainbow plastic Beer Pong cups - 1 set', 6.00);
INSERT INTO product VALUES (24, 'Beer Pong balls', 'Beer Pong balls - 2 pack', 1.00);
INSERT INTO product VALUES (25, 'Pinata - classic', 'Classic pinata, 50cmx50cm', 15.00);
INSERT INTO product VALUES (26, 'Pinata - Unicorn', 'Unicorn pinata, 50cmx50cm', 15.00);
INSERT INTO product VALUES (27, 'Pinata - Flip Flop', 'Flip flop pinata, 50cmx50cm', 15.00);
INSERT INTO product VALUES (28, 'Pinata - Rainbow', 'Rainbow shaped pinata, 50cmx50cm', 15.00);
INSERT INTO product VALUES (29, 'Pinata buster', 'Pinata buster, 75cm', 4.99);
INSERT INTO product VALUES (30, 'Pinata blindfold', 'Pinata blindfold', 2.99);
INSERT INTO product VALUES (31, 'Party hats (pink)', 'Pink party hats - 10 pack', 3.99);
INSERT INTO product VALUES (32, 'Party hats (blue)', 'Blue party hats - 10 pack', 3.99);
INSERT INTO product VALUES (33, 'Party hats (white)', 'White party hats - 10 pack', 3.99);
INSERT INTO product VALUES (34, 'Party hats (rainbow polka)', 'Rainbow Polka party hats - 10 pack', 4.49);
INSERT INTO product VALUES (35, 'Party hats (American Flag)', 'American Flag party hats - 10 pack', 4.49);
INSERT INTO product VALUES (36, 'Helium Canister', 'Helium canister that fills up to 30 9" balloons', 29.99);
INSERT INTO product VALUES (37, 'Helium Canister - Large', 'Large Helium canister that fills up to 50 9" balloons', 39.99);
INSERT INTO product VALUES (38, 'Helium Canister - Small', 'Small Helium canister that fills up to 15 9" balloons', 19.99);
INSERT INTO product VALUES (39, 'Helium Canister - XXL', 'XXL Helium canister that fills up to 100 9" balloons', 59.99);
INSERT INTO product VALUES (40, 'Fog Machine', 'Fog machine with wireless controller, 500W and 2000CFM output', 51.99);
INSERT INTO product VALUES (40, 'Fog Machine - LEDs', 'Fog machine with wireless controller, 500W and 2000CFM output, with 13 colorful LED lights', 61.99);
INSERT INTO product VALUES (41, 'Bubble Machine - Small', 'Small automatic bubble blower', 29.99);
INSERT INTO product VALUES (42, 'Bubble Machine - Large', 'Large automatic bubble blower', 49.99);
INSERT INTO product VALUES (43, 'Bubble Machine - Gun', 'Automatic bubble blower Gun', 31.99);

